paper_id,paper_label,n_rows,ignition_rate,auc_baseline,auc_fable
10.1016/j.proci.2022.07.002,Konno 2023 [.2022.07.002],241,0.6721991701244814,0.8613064541334583,0.8257540240662604
10.1016/j.proci.2024.105255,Li 2024 [.2024.105255],13,0.7692307692307693,1.0,0.9333333333333333
10.1007/s10694-019-00862-4,Kobayashi 2020 [-019-00862-4],26,0.34615384615384615,0.7745098039215685,0.8790849673202614
10.1016/j.firesaf.2024.104329,Ma 2025 [.2024.104329],255,0.6078431372549019,0.5578387096774194,0.6166774193548388
10.1016/j.firesaf.2023.103989,Konno 2023 [.2023.103989],314,0.6878980891719745,0.5591222600151171,0.48228458049886624
10.1016/j.combustflame.2008.05.023,Kleinhenz 2008 [.2008.05.023],32,1.0,,
10.2514/6.2012-3492,Olson 2012 [/6.2012-3492],58,0.43103448275862066,0.5842424242424242,0.5987878787878788
10.1016/s0082-0784(06)80816-7,Sacksteder 1994 [4(06)80816-7],108,0.8888888888888888,0.8124999999999999,0.7426215277777778
10.1016/j.firesaf.2024.104267,Olson 2024 [.2024.104267],48,0.5,0.6310763888888888,0.6171875
10.1016/j.combustflame.2022.112559,Olson 2023 [.2022.112559],16,1.0,,
10.1016/j.actaastro.2019.01.044,Bolodyan 2019 [.2019.01.044],32,0.75,0.45052083333333337,0.4817708333333333
10.1016/j.proci.2022.08.030,Li 2023 [.2022.08.030],20,0.75,0.9066666666666666,0.8733333333333335
10.1016/j.proci.2024.105766,Ma 2024 [.2024.105766],30,1.0,,
10.1016/j.proci.2024.105199,Konno 2024 [.2024.105199],38,0.6842105263157895,0.532051282051282,0.8814102564102565
ices-2025-392,Urban ???? [ces-2025-392],221,0.4796380090497738,0.46845775225594743,0.46390484003281374
10.32865/2346/102744,Thomsen ???? [/2346/102744],5,1.0,,
10.1016/j.combustflame.2020.12.042,Li 2021 [.2020.12.042],3,1.0,,
10.1016/j.proci.2020.05.005,Nagachi 2021 [.2020.05.005],24,0.7916666666666666,0.8947368421052632,0.9052631578947369
10.1007/s10694-019-00935-4,Konno 2020 [-019-00935-4],43,0.5813953488372093,0.6511111111111112,0.7022222222222222
10.1016/j.proci.2018.05.007,Nagachi 2019 [.2018.05.007],30,1.0,,
10.1007/s10694-019-00860-6,Nagachi 2020 [-019-00860-6],74,0.6351351351351351,0.7706855791962175,0.7301024428684004
10.15011/jasma.35.350104,Mizutani et al 2018 [ma.35.350104],10,1.0,,
ices-2017-244,Nagachi et al 2017 [ces-2017-244],75,0.52,0.6894586894586895,0.7101139601139602
ices-2017-155,Mitsui et al 2017 [ces-2017-155],43,0.6046511627906976,0.6776018099547512,0.7454751131221721
10.1016/j.combustflame.2013.03.029,Takahashi et al 2013 [.2013.03.029],18,0.8333333333333334,0.3555555555555556,0.22222222222222224
nasa/cp—2003-212376,Nishizawa et al 2003 [—2003-212376],11,1.0,,
10.1016/s1540-7489(02)80310-8,Fujita 2002 [9(02)80310-8],21,1.0,,
10.1016/s0082-0784(00)80715-8,Fujita 2000 [4(00)80715-8],10,1.0,,
10.1016/s0082-0784(00)80697-9,Fujita et al 2000 [4(00)80697-9],8,1.0,,
10.1016/s0082-0784(98)80017-6,Kikuchi et al 1998 [4(98)80017-6],30,1.0,,
10.5802/crmeca.149,Coimbra 2023 [2/crmeca.149],20,1.0,,
10.1007/s12217-024-10106-y,Sharma 2024 [-024-10106-y],12,1.0,,
10.1016/j.combustflame.2020.12.005,Carney 2021 [.2020.12.005],5,0.6,0.6666666666666666,0.6666666666666666
10.1007/s10694-019-00878-w,Vetturini 2020 [-019-00878-w],9,1.0,,
10.1016/j.proci.2016.06.028,Zhao 2017 [.2016.06.028],16,0.625,0.8500000000000001,0.9333333333333333
10.1016/s1540-7489(02)80211-3,Feier 2002 [9(02)80211-3],39,0.41025641025641024,0.3546195652173913,0.2798913043478261
article::ferkul paul v an experimental study of opposed flow diffusion flame extinction over a thin fuel in 0 nasa cr 182185 1989,Ferkul 1989 [ 182185 1989],13,0.7692307692307693,1.0,1.0
article::grayson g d k r sacksteder p v ferkul and j s t ien flame spreading over a thin solid in low speed concurrent flow drop tower experimental results and comparison with theory 0 science and technology vii 2 1994,Grayson 1994 [y vii 2 1994],26,0.7307692307692307,0.8308270676691729,0.9022556390977443
article::s nchez tarifa c and b l zaro experiments conducted on combustion at 0 in the texus 38 sounding rocket first international symposium on 0 2000,Sánchez-Tarifa 2000 [um on 0 2000],5,1.0,,
article::s nchez tarifa c and m rodr guez combustion and flammability characteristics of solids at 0 in very small velocity flows 1999,Sánchez-Tarifa 1999 [y flows 1999],13,1.0,,
article::s nchez tarifa c and g l pez juste a study of the combustion problems of solid materials at conditions existing in space stations esa sp 433 1999,Sánchez-Tarifa 1999 [ sp 433 1999],11,1.0,,
10.1007/s10694-019-00880-2,Takahashi et al 2020 [-019-00880-2],298,0.43288590604026844,0.6346039172515021,0.6309572955369019
10.2322/tastj.16.28,Takahashi 2018 [/tastj.16.28],40,0.5,0.58875,0.54125
10.1016/j.proci.2014.07.017,Takahashi et al 2015 [.2014.07.017],80,0.75,0.7608333333333334,0.7454166666666666
article::takahashi shuhei et al effect of ambient gas on flame spread over a solid material in 0 j jpn soc 0 appl 24 3 2007 225 230,Takahashi 2007 [2007 225 230],68,0.9411764705882353,0.880859375,0.908203125
10.1016/s1540-7489(02)80314-5,Takahashi 2002 [9(02)80314-5],79,0.8481012658227848,0.8588308457711442,0.8557213930348259
article::takahashi shuhei takeshi nagumo kazunori wakai and subrata bhattacharjee effects of ambient condition on flame spread over a thin pmma sheet jsme international journal series b 43 4 2000 556 562,Takahashi Shuhei 2000 [2000 556 562],76,1.0,,
10.1016/j.proci.2024.105775,Kumar 2024 [.2024.105775],60,1.0,,
10.1080/01457632.2025.2529751,Basavanahalli Vrus 2025 [2025.2529751],8,1.0,,
10.1007/s12217-024-10147-3,Kumar 2024 [-024-10147-3],34,1.0,,
nasa tm x-58001,Kimzey 1966 [a tm x-58001],15,0.7333333333333333,0.8295454545454545,0.7613636363636364
10.1016/s0010-2180(99)00084-x,Yang 2000 [0(99)00084-x],39,1.0,,
10.1016/j.actaastro.2020.05.043,Melikhov 2020 [.2020.05.043],65,1.0,,
10.1016/j.actaastro.2017.10.019,Bolodyan 2018 [.2017.10.019],18,1.0,,
10.1016/j.combustflame.2018.10.012,Olson 2020 [.2018.10.012],22,1.0,,
10.1016/j.combustflame.2009.01.015,Olson 2009 [.2009.01.015],108,0.8240740740740741,0.47664104080425784,0.4651094027202839
10.1080/00102200490276773,Olson 2004 [200490276773],55,0.9818181818181818,1.0,1.0
10.1016/s0010-2180(00)00249-2,Olson 2001 [0(00)00249-2],32,0.90625,0.7758620689655172,0.7413793103448276
aiaa-99-0439,Ferkul 1999 [aiaa-99-0439],4,1.0,,
article::urban david l interactions between flames on parallel solid surfaces nasa 0 combustion workshop n96 15588 1997,Urban 1997 [6 15588 1997],9,1.0,,
10.1080/00102209108951711,Olson 1991 [209108951711],47,0.9361702127659575,1.0,1.0
article::olson nasa tm 100195 1987,Olson 1987 [ 100195 1987],35,1.0,,
article::olson s l and j s t ien near limit flame spread over a thin solid fuel in 0 symposium international on combustion vol 22 no 1 1988 pp 1213 1222 the combustion institute,Olson 1988 [on institute],71,0.9436619718309859,0.9832089552238806,0.9832089552238806
nasa tn d-8228,Andracchio 1976 [sa tn d-8228],43,0.9302325581395349,0.8041666666666666,0.6833333333333333
nasa tm x-3055,Andracchio 1974 [sa tm x-3055],18,1.0,,
https://ntrs.nasa.gov/citations/19700016396,Andracchio 1992 [/19700016396],10,1.0,,
10.1016/j.proci.2024.105358,Ries 2024 [.2024.105358],35,1.0,,
ices-2023-171,Meyer 2023 [ces-2023-171],10,1.0,,
article::mell w e s l olson and t kashiwagi flame spread along free edges of thermally thin samples in 0 proceedings of the combustion institute vol 28 no 2 2000 pp 2843 2849,Mell 2000 [pp 2843 2849],7,0.8571428571428571,0.8333333333333334,0.6666666666666666
10.1016/j.proci.2018.06.022,Huang 2019 [.2018.06.022],83,0.9397590361445783,0.9320512820512821,0.891025641025641
10.1038/s41598-017-18398-4,Link 2018 [-017-18398-4],85,0.8352941176470589,0.8742454728370221,0.7992957746478875
"nasa/cp—2004-213205/vol2, pp. 409–418",Son 2004 [ pp. 409–418],44,0.8863636363636364,0.8307692307692307,0.9076923076923077
10.1016/s1540-7489(02)80315-7,Son 2002 [9(02)80315-7],40,1.0,,
10.1016/j.combustflame.2022.112009,Rojas-Alva 2022 [.2022.112009],103,0.5339805825242718,0.1990530303030303,0.2873106060606061
10.1007/s12217-022-09945-4,Zhu 2022 [-022-09945-4],11,1.0,,
10.1007/s10694-019-00896-8,Wu 2020 [-019-00896-8],91,0.978021978021978,0.8426966292134832,0.853932584269663
10.1016/j.combustflame.2019.03.040,Zhu 2019 [.2019.03.040],16,0.5,1.0,1.0
10.1007/s12217-018-9655-0,Zhu 2018 [7-018-9655-0],78,0.782051282051282,0.9334619093539055,0.8678881388621023
10.1007/s12217-015-9419-z,Wang 2015 [7-015-9419-z],7,1.0,,
10.1016/j.firesaf.2015.11.011,Bhattacharjee 2016 [.2015.11.011],22,0.6818181818181818,0.8571428571428572,0.7714285714285714
10.1016/j.proci.2016.06.025,Bhattacharjee 2017 [.2016.06.025],20,1.0,,
10.1016/s0010-2180(02)00501-1,Bhattacharjee 2003 [0(02)00501-1],18,0.3888888888888889,0.7337662337662337,0.7597402597402597
10.1016/j.combustflame.2020.09.003,Guibaud 2020 [.2020.09.003],6,1.0,,
10.1016/j.combustflame.2020.08.038,Guibaud 2020 [.2020.08.038],9,1.0,,
10.1016/j.combustflame.2020.07.044,Guibaud 2020 [.2020.07.044],91,1.0,,
